file_name, cdn_link
CO3D_apple.zip, https://scontent.xx.fbcdn.net/m1/v/t6/An_QSC6hT-8cb3Gd3PJ9U2VYscdbDWFj_Ny11wi4ptmIspsE70S_BTc8R6OkSBdIZzWNbqbOu6LEyWovGIk.zip?ccb=10-5&oh=00_AfDFwzr221DbuzpWVudRVhrjuQIN1GSoePR9LQqwbe14mw&oe=645C8636&_nc_sid=857daf
CO3D_backpack.zip, https://scontent.xx.fbcdn.net/m1/v/t6/An9tyyq7fEyndpQjdl4d2UbqMuyGGEYRt32qZRLnxTLLpCQ2PC1QzurnpThigtMS9iS8ggbGL67p7t4aKqg.zip?ccb=10-5&oh=00_AfCpE5zQpySiJ0gjq0DceI0bxujJWlbpz9mOeQnCgf0zEA&oe=645C6840&_nc_sid=857daf
CO3D_ball.zip, https://scontent.xx.fbcdn.net/m1/v/t6/An-jG2tlOIue1umcM2xNXEiGJ89IUpNYdfoa5RTWpBUzaDyS_ZyyUCwEznmuQ6K_cN6THR-IpOCSTXzN6QQ.zip?ccb=10-5&oh=00_AfCSPMFdeHxBqszXbr75qdcizUN-iRv1aePWe6GehO6SYQ&oe=645C77C6&_nc_sid=857daf
CO3D_banana.zip, https://scontent.xx.fbcdn.net/m1/v/t6/An9eGc31j9mtSwJJynbI8cCiLecCcwGQ2Q7V5Q9aTcWxHQQqNFbR9LeIL2WmC12AVvzJGPDIHSeRwJVCC1U.zip?ccb=10-5&oh=00_AfBgaj2_60rk9kS5ubaaL9uMDQqXnSwEyLT9ALdZdzUmxw&oe=645C69DD&_nc_sid=857daf 
CO3D_baseballbat.zip, https://scontent.xx.fbcdn.net/m1/v/t6/An9Hwjr4vTebobXoMz51rKFcl2ucITXLOkYW3_Bj0T5eyiH00u80KE0U2e5WpMFAz49CWFl6qFQKhJ0pt2k.zip?ccb=10-5&oh=00_AfAW17oMWUKYT1G71tR3A6muwaMP9NORXY4Wd-TRD6CZoA&oe=645C6924&_nc_sid=857daf
CO3D_baseballglove.zip, https://scontent.xx.fbcdn.net/m1/v/t6/An-RX8sWNUppkI_aRRTS4KzBKNmojiH4yf_Zo_-KpSamp_Br6NiIQrkeEuVQy0qV8qHrfW4NY8GJd0fCXPg.zip?ccb=10-5&oh=00_AfAojkcmFHNlbMye_JuCpAXqbn-H87xIGib_LT00VDlpCQ&oe=645C867F&_nc_sid=857daf
CO3D_bench.zip, https://scontent.xx.fbcdn.net/m1/v/t6/An9NIw_tDVj0SM18igW5FfiYlyRVUWGdLK5mh8qguq_JDZ4yqyMElyzRpQw1B_Fto0xnSgzMKcmiNw4IH4w.zip?ccb=10-5&oh=00_AfB9nFGRCRIDjj_C9BZhXpL-fsiUcjwACOMI_7dUcJHb1w&oe=645C6032&_nc_sid=857daf
CO3D_bicycle.zip, https://scontent.xx.fbcdn.net/m1/v/t6/An_Rm4gpdXvhAhCBYSw6j3LYr8KBiNff_qhJJiIJOBVXpjLki0Ezu5DmB1LITPP3hjlzE5g4qBacdpMNkQw.zip?ccb=10-5&oh=00_AfDapJqThk0un8Cxu7wI7d-ciSwx6EZfUTXeKgk7VbWuqA&oe=645C6F9E&_nc_sid=857daf
CO3D_bottle.zip, https://scontent.xx.fbcdn.net/m1/v/t6/An_UFwIvyyap4rLtrzCzZB3GFpJb6vd3rocOdyXKxOWVl5AKXAoVbCe5Vs2Z6P_63vYKKt3ji_VsMX6--fc.zip?ccb=10-5&oh=00_AfDTheHqYDG0jtZMe25q7QpetTt37txcJNQAsAmohryGRQ&oe=645C8738&_nc_sid=857daf
CO3D_bowl.zip, https://scontent.xx.fbcdn.net/m1/v/t6/An9nC5fDvFb2P-r_7k3gCEqrwpNqSL48WBY2_1Zt_10s69DBaB5DaYGLWtqa0nDn-ygxsU1Z_1KLS57sQsY.zip?ccb=10-5&oh=00_AfDc_jwK48-y6PDkeBVWDZJpJkEkffnM2SlxVzS6I0yAnQ&oe=645C6555&_nc_sid=857daf
CO3D_broccoli.zip, https://scontent.xx.fbcdn.net/m1/v/t6/An__h7NUFI_CPHV_vSVVsCQPGvhbAfBnUEQEkNNAi55oHTG5IwQVGCTT5skOAgOF1X_Ez7BGCuW-G2Sn9cQ.zip?ccb=10-5&oh=00_AfAOdL3cH_VrIU-nbZzTBxzzG3QfHjxNxxXTqfldMkMiLg&oe=645C777F&_nc_sid=857daf
CO3D_cake.zip, https://scontent.xx.fbcdn.net/m1/v/t6/An9GAQcwtTg8srZoI4t1VfIuErH-s_Hhw5_kytqBBTk4hlnat_OH7Ei5ayVGoZVLxO69nR0MLUsKoPhM2fM.zip?ccb=10-5&oh=00_AfDhjoLxdoPwLsEfcvP99as0Aeeud048gqtkzkYqAddDJQ&oe=645C826F&_nc_sid=857daf
CO3D_car.zip, https://scontent.xx.fbcdn.net/m1/v/t6/An-fxZJgr0X0iIWhTjt-LD_MqBxf0SVGno1ggNYwEkB9zq6nMuQaysGo2nO_T5hvoRX_gDkTEBqSD7GuyGY.zip?ccb=10-5&oh=00_AfC-BODLUaZfJnOwIGcozRm-67suov1xSrcrsUB_k_klzg&oe=645C622F&_nc_sid=857daf
CO3D_carrot.zip, https://scontent.xx.fbcdn.net/m1/v/t6/An_U98H5kASgvgePfSCU4dt_uMwydiNuX8AX6mXWZpkEPt85PtzMhNvNzFbuk2L9sszj07GglvTXAtUTHe4.zip?ccb=10-5&oh=00_AfCovkaq91Djbk13-F-gzD6LW88krocBI4xUQiiBWPHeFA&oe=645C67A2&_nc_sid=857daf
CO3D_cellphone.zip, https://scontent.xx.fbcdn.net/m1/v/t6/An_rwJqQRlwsSV509Iy6uzJuinXA-R78DnrrSl_H4ufdgom5X3E8KLut7xXh-gqOVD-VzomVsOqRbq5A9N0.zip?ccb=10-5&oh=00_AfCcNbHwiyn5cjyxbF7wZkBWcXZ9znQ6PPibDKyThKrNbQ&oe=645C7D1A&_nc_sid=857daf
CO3D_chair.zip, https://scontent.xx.fbcdn.net/m1/v/t6/An-kqzDg5pX2UxZbhRA4Hd4d8yWaMzG8C9FauxeYN7jQOz5Tuhg5znQKpVo0VCDnFD7Y1XnnPrZXXySNofc.zip?ccb=10-5&oh=00_AfCrW3C-fH2Q3keYbfhIjYGmRrvslSUY-3CqTF80MqyQ_A&oe=645C913E&_nc_sid=857daf
CO3D_couch.zip, https://scontent.xx.fbcdn.net/m1/v/t6/An-Y531FBt1_Dmjmdml0fAxWVznPEZ4KhVulHN4RqyLIqKI4Fldv1Q2EBkOSRtG8co5l0O9EVtYm894u1-w.zip?ccb=10-5&oh=00_AfDVbN0eDnk3GJ78KkxwHVIRYQVgJKvfBfKj27UFvI-mzA&oe=645C7147&_nc_sid=857daf
CO3D_frisbee.zip, https://scontent.xx.fbcdn.net/m1/v/t6/An_0OjAgLVTKieSvSpVQTGPSAb0oqhPRob74uSK2w2lZFSS5i-kTUoTWyc9arl2e4DndFad3qHv8CBDPMFo.zip?ccb=10-5&oh=00_AfAAJbGSoo6rZeUBP5-opp7cXZ5CoTk3KHK534GncTd8OQ&oe=645C7133&_nc_sid=857daf
CO3D_hairdryer.zip, https://scontent.xx.fbcdn.net/m1/v/t6/An94gPdry5iLgaEbyUt_0EMyFrerhQpSGOPK564nTarWoVwHB2ZVzreuAdEZPniYfnU7sR4NCKVisuiBFpw.zip?ccb=10-5&oh=00_AfBech62CtBerCUBcm__4pcPZybek1MUIOpg48acsCo01w&oe=645C9137&_nc_sid=857daf
CO3D_handbag.zip, https://scontent.xx.fbcdn.net/m1/v/t6/An8n_p4JlXoz4XXPX0A3JxxYgpQAs7ALq3bwlQEDERlyaDeebtZUq4TiwasrSTx5atKUnQKAOQv46dG0jsM.zip?ccb=10-5&oh=00_AfCaWulOFV9HoibM7j4WkvzlEfAajcS7nsMCaRoZYslWZQ&oe=645C6877&_nc_sid=857daf
CO3D_hotdog.zip, https://scontent.xx.fbcdn.net/m1/v/t6/An9OQMTav9nQ7B9Jhd_H2vq4UF7hvfdHPfVRZltSWqlU-sh9tZgYT_MaWn0-3u9RrgdUnyuKhx_eolT7-W0.zip?ccb=10-5&oh=00_AfCDtxp2m_TyN9fLg5lVbH8DxbxyjlF6tX8U7unIKjAi0g&oe=645C847B&_nc_sid=857daf
CO3D_hydrant.zip, https://scontent.xx.fbcdn.net/m1/v/t6/An_WQ2hli3BcR5TKb_Gr0A9GsvgVUf8eMwFfWWwKnj2zj1bWAZWHKcp3OfaSZR9gfoYQaEeKV4EpopBLXuk.zip?ccb=10-5&oh=00_AfA94aE-7gh9LmPhBJBzi44Eu312gntJOr9UGrmgnugp6Q&oe=645C6BC5&_nc_sid=857daf
CO3D_keyboard.zip, https://scontent.xx.fbcdn.net/m1/v/t6/An-oNTCjkPBLtTVYK4qqCun0X6JgPf0su69XKzhbM2Zoks0usg3XY1JD2ukBO-P6uyR0zHrYuVNkd6tS2Ps.zip?ccb=10-5&oh=00_AfCpe7rvZxN6xFpw8O_AVbVcIRjj5IORFtqUXIl-YEm1fg&oe=645C75DA&_nc_sid=857daf
CO3D_kite.zip, https://scontent.xx.fbcdn.net/m1/v/t6/An8H26CqbMq5HPuB7C_AIlw6uloZ1N7azpOj6haqJnwgTkGaJBDgFg7siBChwvMVzxjC7oi_UEPFX_2nBqc.zip?ccb=10-5&oh=00_AfBTBxGTp3SGafEAgzIH5tENYdH6oPJSkVkPi1JFlbfaBQ&oe=645C8AB6&_nc_sid=857daf
CO3D_laptop.zip, https://scontent.xx.fbcdn.net/m1/v/t6/An9c0OYTwmu5xc9JhqLv5vjnuIRiJnjlG1AS9fo37Smsusw_zuq-fujnYo3M8Tok4DUzhQXV8IRyRYJOh_k.zip?ccb=10-5&oh=00_AfB8KDNEVaeem-lSrRhxEevE8Jp0xSZBE1RSTw4j6wGZuA&oe=645C64C7&_nc_sid=857daf
CO3D_mouse.zip, https://scontent.xx.fbcdn.net/m1/v/t6/An95CAZ2t5EEZaSNq3Cr57NKsYaLCt7y1a_9WHwi0bVobKX9XB4vFGEZLoAO3x5AnrAn6nzG7RsiL1_WFTo.zip?ccb=10-5&oh=00_AfBCZRp_UDWTfwF0TWJgSJ9Jq2xK7mS06MMgt8QKBKHjnQ&oe=645C9194&_nc_sid=857daf
CO3D_orange.zip, https://scontent.xx.fbcdn.net/m1/v/t6/An8aBfGHNIVQPaaQGHzkzWnEsucc42wu-Ban-VnuMYkylpvQuK-yNA8_EPfN9qDktEDcBz03yb1QFR73Sas.zip?ccb=10-5&oh=00_AfCtzFEaNEYVxz95E6Ykd9ASH1xCcaB6KBE65uWxvOVsgw&oe=645C6417&_nc_sid=857daf
CO3D_parkingmeter.zip, https://scontent.xx.fbcdn.net/m1/v/t6/An_O7b6axtJW94I7Jgb0VFZQo21zwFwZMSA00uxJiCBpTSP2HnU9spp_zQnqZL8cE-FKLLhuWT8MIr5pPcU.zip?ccb=10-5&oh=00_AfC45U8zN2aEcw3jECcLQaUyUpd_CtqpoXHCQctnk7LJQQ&oe=645C8621&_nc_sid=857daf
CO3D_pizza.zip, https://scontent.xx.fbcdn.net/m1/v/t6/An8CvVz2_o4RPylyeqL3t12hUM9H1zLrk4tK6uv5c3uAO5NIlyNttgVU5iIhwZBL77D-GwHSxcpyOL4NHgE.zip?ccb=10-5&oh=00_AfCD0bWid7smQSBLWq9d1ITp5ScFH-wg0jSlgyRT2c0X0A&oe=645C65A7&_nc_sid=857daf
CO3D_plant.zip, https://scontent.xx.fbcdn.net/m1/v/t6/An8ImEtYSyLU5yCtxIUWI7hejNz51b_NChyCNN5OwFl_V7JCHu41Z1rshq75maZ8nMeaviIK3HooWt0ttEc.zip?ccb=10-5&oh=00_AfDRbiwNgmlHcaiERdrw9Y1Wg7csPCqC__B1m-ZVYN3kNQ&oe=645C702A&_nc_sid=857daf
CO3D_remote.zip, https://scontent.xx.fbcdn.net/m1/v/t6/An8qolzrQcDTE_3q2tGM8uEclxVHpqeOmxRCKydENMljfX0PXoT4LSKQ0bfUhS9sGXzl7tzP1MgN9wMIcXU.zip?ccb=10-5&oh=00_AfDFxLqvkaRDaiT7wVrwPsfOiDfBNs7VMOpk0RvFcRoWpw&oe=645C7A95&_nc_sid=857daf
CO3D_sandwich.zip, https://scontent.xx.fbcdn.net/m1/v/t6/An-dmeRk_G2_7mJ3R-TrZvzf9FjvpProxE0hL1CMAA2jc1GW03eOoqaue__zQDF-pw72DCDfhD-4P72AfK0.zip?ccb=10-5&oh=00_AfC0IL_up_lf1T3bqmzCZQmsRv6gtP59Cx4RW151OoFYhQ&oe=645C6920&_nc_sid=857daf
CO3D_skateboard.zip, https://scontent.xx.fbcdn.net/m1/v/t6/An8pE5f4i4z6W5Fk1JK_ZtpL2CDEG7siJetk1YDAinUXlY9zNze6Sv4Gj2lLD8noQKQNXs8jUXwROdZAmr4.zip?ccb=10-5&oh=00_AfDWaHUPmndkLkRJ2qS8mVdb5dnsxbTvdBHT18wHjO1JZg&oe=645C7852&_nc_sid=857daf
CO3D_toytrain.zip, https://scontent.xx.fbcdn.net/m1/v/t6/An_GnWcAoqhXO6-JvJzgMzsy_ZN1pMZaUlY-K9Yvq95GZDQRZNkXNrco271lErLDAX6IqLexmLNSOjcJAdE.zip?ccb=10-5&oh=00_AfAJECzq-6vpfhxhspNXQyYPZKbxa9rl1NwBLCA-jJfiug&oe=645C6D85&_nc_sid=857daf
CO3D_book.zip, https://scontent.xx.fbcdn.net/m1/v/t6/An9W1H-8Vz1T584S6E56WuY4M1NAjrnFDC0Qi3ERfIUq0OzDQEv-vYX8t7WX6wP8IIQ_oHeJRYiwFtwTLUM.zip?ccb=10-5&oh=00_AfCspManTw9z4jOlTWJmNYA3JuPjFXBrCcN6juMml7ToUg&oe=645C6B23&_nc_sid=857daf
CO3D_cup.zip, https://scontent.xx.fbcdn.net/m1/v/t6/An_IG6IFIimI4F3KOJrIJt8loZF8iELYHDcBrNBxp686y8YTuPeet6hQ_os5K0uI3GnbXQRinE2Y9-304BU.zip?ccb=10-5&oh=00_AfBUxuvlr1ItMYxUt7Rl3TiHJAr8ZQf3E_8cq1KI036XnQ&oe=645C5BC9&_nc_sid=857daf
CO3D_donut.zip, https://scontent.xx.fbcdn.net/m1/v/t6/An8LItMvwmV6Mg5ucjsR8J8ZAW6dNRHzKs3AS6wTX9dhCAPJtPRdxs0E1itjQENEsp404WVyfPJJqW_W2cw.zip?ccb=10-5&oh=00_AfCsOea0i07bHZGmwmU0cIjT3lsoEjwzMuM-kR-wKVfwvg&oe=645C7701&_nc_sid=857daf
CO3D_microwave.zip, https://scontent.xx.fbcdn.net/m1/v/t6/An_T1fkClfpPU0DOxdE94ybPsjfI8Nh7KaagsI3IRFojgXlSRt4tBQCHxAcHfEkXuZ2cbvPVZ9RNCbc9B-s.zip?ccb=10-5&oh=00_AfBrfdC6DAHn9mAytZKzxT8FUR7C0LtUxaS-bt4hQnTyjQ&oe=645C6AD0&_nc_sid=857daf
CO3D_motorcycle.zip, https://scontent.xx.fbcdn.net/m1/v/t6/An8OosNfooF0_fEse8t8aN56WkxkD8eAGyKLR3JNHgRNfnTARECZqDsOGlNgpEKvF1vzEY2h1zZLVjtqKrs.zip?ccb=10-5&oh=00_AfAom66O_DJ7sXD41K_7skX3wRtHDjC9XxU-u3oGKQFfpg&oe=645C629D&_nc_sid=857daf
CO3D_stopsign.zip, https://scontent.xx.fbcdn.net/m1/v/t6/An-tR_-d_PK4GDMQBVzhzzazt9ONP4py_TZoy80h4Hea9TPO55fWaL9oHqM72cDfof1zTa-Xkey0sEp5B7M.zip?ccb=10-5&oh=00_AfD70f26DEx0wlx6VHxxbaXAdKyCjPCrfYagXAqW61mrwA&oe=645C8CEE&_nc_sid=857daf
CO3D_suitcase.zip, https://scontent.xx.fbcdn.net/m1/v/t6/An8x0EmZ3Fq_ElbH9O3kno69pwCHHnwCW1nErqgsMAsNv4QQSzV5Naif2hQ6fjiHmXtX7xx1jZdUBLBUwpc.zip?ccb=10-5&oh=00_AfDhxzQbEHHhWdQocsg9EUw0G9c3x7kfF_I-LYJDYmDQKg&oe=645C919C&_nc_sid=857daf
CO3D_teddybear.zip, https://scontent.xx.fbcdn.net/m1/v/t6/An9J9NR9EKKW9kr9CH47myJVPREBeLdttjyQYBhSbr3pkRIiox47R9I6swgjg6Yb-6L3AZ4-2LgxVhsjJDc.zip?ccb=10-5&oh=00_AfB05q1J2vC71b1-FbZXa88dEUpixJv_I2Ri0vzjMBA7Aw&oe=645C887B&_nc_sid=857daf
CO3D_toaster.zip, https://scontent.xx.fbcdn.net/m1/v/t6/An8RczSLJSc71Gg28i5tR4ivaM7MFoKM6fnKe6btpf9tGpMI8IkUEVGRJ12-bmKZh4heFr8MAjSt2WxFtIg.zip?ccb=10-5&oh=00_AfBqb3-b2jmb0cCgfbOZnc2yAUUv7Nn-7E--6pkCl7GDeA&oe=645C82E1&_nc_sid=857daf
CO3D_toilet.zip, https://scontent.xx.fbcdn.net/m1/v/t6/An-BtdPVEYTkaZz_lKz5eQflO84MYFVkrsexLySr0wiw8CBnv_Xcmmnm8hzOsUKMlRqRlbesiPXEEVpKTJE.zip?ccb=10-5&oh=00_AfASR73-0x1jfqSD6Cgl10VRfwX_rLd7-fF57z_o4yWN3g&oe=645C6530&_nc_sid=857daf
CO3D_toybus.zip, https://scontent.xx.fbcdn.net/m1/v/t6/An-e2Mta1zEnPsoQhm2M63T9oADPlecMO8iP8F3s8FBdQDItNZR-djYWoVXDvle7AbVK0pES_xNJlkNcOqo.zip?ccb=10-5&oh=00_AfCYRJNoFXvDL93l5nBf8n6kXaMqtAH8kc0ynGRXdKMcGQ&oe=645C69BF&_nc_sid=857daf
CO3D_toyplane.zip, https://scontent.xx.fbcdn.net/m1/v/t6/An-nluyYsQNpA5H6qo7bDSHX4mtpmie0CCQHnPq7-asIpr6p28VDmHWSekAis6tSNPGaiI2Dx7wl7E6D8CQ.zip?ccb=10-5&oh=00_AfB1985Ct9LliN_CDUi09gkrLURwIzDwihoe0AZZR4hScg&oe=645C78C9&_nc_sid=857daf
CO3D_toytruck.zip, https://scontent.xx.fbcdn.net/m1/v/t6/An_W7VsuDvxZUS0Ms7gMEEhxTJjg6wlrMWIGA2BfNqpTQpSq7VbKAF5eriJQ43_9uG9KqztuYNqyAMwo2FI.zip?ccb=10-5&oh=00_AfCuNCnSad02QFiEynrCpuI_054aWFIp08tBs9HzrOoZAQ&oe=645C81E8&_nc_sid=857daf
CO3D_tv.zip, https://scontent.xx.fbcdn.net/m1/v/t6/An_Dwy0JQM-ff-imtBd_tm1ysnkYvnLVobheO_amBsmzoeU_bmH3l9NQ9F3on4YArNSWXWpccpeIvNJg3iI.zip?ccb=10-5&oh=00_AfDGZOydkvqUKTrv2P2fRnqvfXYqhoUHRMy_DnKuFlENUg&oe=645C91CA&_nc_sid=857daf
CO3D_umbrella.zip, https://scontent.xx.fbcdn.net/m1/v/t6/An_fbQlYbVAgMOFjTOY6Evj7IJ2VO6WmCvdX4pqIaHGGkXnJlFDzbg_Il7B_UbrlCwdrYcO2fmIDOnK0jsU.zip?ccb=10-5&oh=00_AfA0JXkIioS3hpZGeJer734HaGs2OWMCi9X6FZwEZJLq8Q&oe=645C7932&_nc_sid=857daf
CO3D_vase.zip, https://scontent.xx.fbcdn.net/m1/v/t6/An9qdS5KidE_caUH0nPX5StCH_u9Xwt2wH3xU6om0p6ZaYK3JAja80iMRG2LHsKCZkm1ul8YoA4KG3LuqWo.zip?ccb=10-5&oh=00_AfAAjZb1xe9hCJ39k8aaBC9FtmYzh2_8xrimlz2qQRLq0w&oe=645C7F2C&_nc_sid=857daf
CO3D_wineglass.zip, https://scontent.xx.fbcdn.net/m1/v/t6/An-D7nh5JqEI-3bEtEfyAdCmryr3Zc1mQsd_sFxuIQ6g1E_sYuDerfwJB7j7ZBGa7Wa-I_Uzn3yzaaNPbQ8.zip?ccb=10-5&oh=00_AfAm-IkAMpJt5jDTZgVBqwCwcA72TgUvtS9xuHM3OU_zcA&oe=645C6805&_nc_sid=857daf